,,,A,B,C,D,E,F,G,H
11/10/2025,9:02:00,SE Asia Standard Time,1,2,3,4,5,6,7,8
11/10/2025,9:03:00,SE Asia Standard Time,1,2,3,4,5,6,7,
11/10/2025,9:04:00,SE Asia Standard Time,1,2,3,4,5,6,7,
11/10/2025,9:05:00,SE Asia Standard Time,1,2,3,4,5,6,7,
11/10/2025,9:06:00,SE Asia Standard Time,1,2,3,4,5,6,7,
11/10/2025,9:07:00,SE Asia Standard Time,1,2,3,4,5,6,7,
11/10/2025,9:08:00,SE Asia Standard Time,1,2,3,4,5,6,7,
11/10/2025,9:09:00,SE Asia Standard Time,1,2,3,4,5,6,7,
11/10/2025,9:10:00,SE Asia Standard Time,1,2,3,4,5,6,7,
11/10/2025,9:11:00,SE Asia Standard Time,1,2,3,4,5,6,7,
11/10/2025,9:12:00,SE Asia Standard Time,1,2,3,4,5,6,7,
11/10/2025,9:13:00,SE Asia Standard Time,1,2,3,4,5,6,7,
11/10/2025,9:14:00,SE Asia Standard Time,1,2,3,4,5,6,7,
11/10/2025,9:15:00,SE Asia Standard Time,1,2,3,4,5,6,7,
11/10/2025,9:16:00,SE Asia Standard Time,1,2,3,4,5,6,7,
11/10/2025,9:17:00,SE Asia Standard Time,1,2,3,4,5,6,7,
11/10/2025,9:18:00,SE Asia Standard Time,1,2,3,4,5,6,7,
11/10/2025,9:19:00,SE Asia Standard Time,1,2,3,4,5,6,7,
11/10/2025,9:20:00,SE Asia Standard Time,1,2,3,4,5,6,7,
11/10/2025,9:21:00,SE Asia Standard Time,1,2,3,4,5,6,7,
11/10/2025,9:22:00,SE Asia Standard Time,1,2,3,4,5,6,7,
11/10/2025,9:23:00,SE Asia Standard Time,1,2,3,4,5,6,7,
11/10/2025,9:24:00,SE Asia Standard Time,1,2,3,4,5,6,7,
11/10/2025,9:25:00,SE Asia Standard Time,1,2,3,4,5,6,7,
11/10/2025,9:26:00,SE Asia Standard Time,1,2,3,4,5,6,7,
11/10/2025,9:27:00,SE Asia Standard Time,1,2,3,4,5,6,7,
11/10/2025,9:28:00,SE Asia Standard Time,1,2,3,4,5,6,7,
11/10/2025,9:29:00,SE Asia Standard Time,1,2,3,4,5,6,7,
11/10/2025,9:30:00,SE Asia Standard Time,1,2,3,4,5,6,7,
11/10/2025,9:31:00,SE Asia Standard Time,1,2,3,4,5,6,7,
11/10/2025,9:32:00,SE Asia Standard Time,1,2,3,4,5,6,7,
11/10/2025,9:33:00,SE Asia Standard Time,1,2,3,4,5,6,7,
11/10/2025,9:34:00,SE Asia Standard Time,1,2,3,4,5,6,7,
11/10/2025,9:35:00,SE Asia Standard Time,1,2,3,4,5,6,7,
11/10/2025,9:36:00,SE Asia Standard Time,1,2,3,4,5,6,7,
11/10/2025,9:37:00,SE Asia Standard Time,1,2,3,4,5,6,7,
11/10/2025,9:38:00,SE Asia Standard Time,1,2,3,4,5,6,7,
11/10/2025,9:39:00,SE Asia Standard Time,1,2,3,4,5,6,7,
11/10/2025,9:40:00,SE Asia Standard Time,1,2,3,4,5,6,7,
11/10/2025,9:41:00,SE Asia Standard Time,1,2,3,4,5,6,7,
11/10/2025,9:42:00,SE Asia Standard Time,1,2,3,4,5,6,7,
11/10/2025,9:43:00,SE Asia Standard Time,1,2,3,4,5,6,7,
11/10/2025,9:44:00,SE Asia Standard Time,1,2,3,4,5,6,7,
11/10/2025,9:45:00,SE Asia Standard Time,1,2,3,4,5,6,7,
11/10/2025,9:46:00,SE Asia Standard Time,1,2,3,4,5,6,7,
11/10/2025,9:47:00,SE Asia Standard Time,1,2,3,4,5,6,7,
11/10/2025,9:48:00,SE Asia Standard Time,1,2,3,4,5,6,7,
11/10/2025,9:49:00,SE Asia Standard Time,1,2,3,4,5,6,7,
11/10/2025,9:50:00,SE Asia Standard Time,1,2,3,4,5,6,7,
11/10/2025,9:51:00,SE Asia Standard Time,1,2,3,4,5,6,7,
11/10/2025,9:52:00,SE Asia Standard Time,1,2,3,4,5,6,7,
11/10/2025,9:53:00,SE Asia Standard Time,1,2,3,4,5,6,7,
11/10/2025,9:54:00,SE Asia Standard Time,1,2,3,4,5,6,7,
11/10/2025,9:55:00,SE Asia Standard Time,1,2,3,4,5,6,7,
11/10/2025,9:56:00,SE Asia Standard Time,1,2,3,4,5,6,7,
11/10/2025,9:57:00,SE Asia Standard Time,1,2,3,4,5,6,7,
11/10/2025,9:58:00,SE Asia Standard Time,1,2,3,4,5,6,7,
11/10/2025,9:59:00,SE Asia Standard Time,1,2,3,4,5,6,7,
11/10/2025,10:00:00,SE Asia Standard Time,1,2,3,4,5,6,7,
11/10/2025,10:01:00,SE Asia Standard Time,1,2,3,4,5,6,7,
11/10/2025,10:02:00,SE Asia Standard Time,1,2,3,4,5,6,7,
11/10/2025,10:03:00,SE Asia Standard Time,1,2,3,4,5,6,7,
11/10/2025,10:04:00,SE Asia Standard Time,1,2,3,4,5,6,7,
11/10/2025,10:05:00,SE Asia Standard Time,1,2,3,4,5,6,7,
11/10/2025,10:06:00,SE Asia Standard Time,1,2,3,4,5,6,7,
11/10/2025,10:07:00,SE Asia Standard Time,1,2,3,4,5,6,7,
11/10/2025,10:08:00,SE Asia Standard Time,1,2,3,4,5,6,7,
11/10/2025,10:09:00,SE Asia Standard Time,1,2,3,4,5,6,7,
11/10/2025,10:10:00,SE Asia Standard Time,1,2,3,4,5,6,7,
11/10/2025,10:11:00,SE Asia Standard Time,1,2,3,4,5,6,7,
11/10/2025,10:12:00,SE Asia Standard Time,1,2,3,4,5,6,7,
11/10/2025,10:13:00,SE Asia Standard Time,1,2,3,4,5,6,7,
11/10/2025,10:14:00,SE Asia Standard Time,1,2,3,4,5,6,7,
11/10/2025,10:15:00,SE Asia Standard Time,1,2,3,4,5,6,7,
11/10/2025,10:16:00,SE Asia Standard Time,1,2,3,4,5,6,7,
11/10/2025,10:17:00,SE Asia Standard Time,1,2,3,4,5,6,7,
11/10/2025,10:18:00,SE Asia Standard Time,1,2,3,4,5,6,7,
11/10/2025,10:19:00,SE Asia Standard Time,1,2,3,4,5,6,7,
11/10/2025,10:20:00,SE Asia Standard Time,1,2,3,4,5,6,7,
11/10/2025,10:21:00,SE Asia Standard Time,1,2,3,4,5,6,7,
11/10/2025,10:22:00,SE Asia Standard Time,1,2,3,4,5,6,7,
11/10/2025,10:23:00,SE Asia Standard Time,1,2,3,4,5,6,7,
11/10/2025,10:24:00,SE Asia Standard Time,1,2,3,4,5,6,7,
11/10/2025,10:25:00,SE Asia Standard Time,1,2,3,4,5,6,7,
11/10/2025,10:26:00,SE Asia Standard Time,1,2,3,4,5,6,7,
11/10/2025,10:27:00,SE Asia Standard Time,1,2,3,4,5,6,7,
11/10/2025,10:28:00,SE Asia Standard Time,1,2,3,4,5,6,7,
11/10/2025,10:29:00,SE Asia Standard Time,1,2,3,4,5,6,7,
11/10/2025,10:30:00,SE Asia Standard Time,1,2,3,4,5,6,7,
11/10/2025,10:31:00,SE Asia Standard Time,1,2,3,4,5,6,7,
11/10/2025,10:32:00,SE Asia Standard Time,1,2,3,4,5,6,7,
11/10/2025,10:33:00,SE Asia Standard Time,1,2,3,4,5,6,7,
11/10/2025,10:34:00,SE Asia Standard Time,1,2,3,4,5,6,7,
11/10/2025,10:35:00,SE Asia Standard Time,1,2,3,4,5,6,7,
11/10/2025,10:36:00,SE Asia Standard Time,1,2,3,4,5,6,7,
11/10/2025,10:37:00,SE Asia Standard Time,1,2,3,4,5,6,7,
11/10/2025,10:38:00,SE Asia Standard Time,1,2,3,4,5,6,7,
11/10/2025,10:39:00,SE Asia Standard Time,1,2,3,4,5,6,7,
11/10/2025,10:40:00,SE Asia Standard Time,1,2,3,4,5,6,7,
11/10/2025,10:41:00,SE Asia Standard Time,1,2,3,4,5,6,7,
11/10/2025,10:42:00,SE Asia Standard Time,1,2,3,4,5,6,7,
11/10/2025,10:43:00,SE Asia Standard Time,1,2,3,4,5,6,7,
11/10/2025,10:44:00,SE Asia Standard Time,1,2,3,4,5,6,7,
11/10/2025,10:45:00,SE Asia Standard Time,1,2,3,4,5,6,7,
11/10/2025,10:46:00,SE Asia Standard Time,1,2,3,4,5,6,7,
11/10/2025,10:47:00,SE Asia Standard Time,1,2,3,4,5,6,7,
11/10/2025,10:48:00,SE Asia Standard Time,1,2,3,4,5,6,7,
11/10/2025,10:49:00,SE Asia Standard Time,1,2,3,4,5,6,7,
11/10/2025,10:50:00,SE Asia Standard Time,1,2,3,4,5,6,7,
11/10/2025,10:51:00,SE Asia Standard Time,1,2,3,4,5,6,7,
11/10/2025,10:52:00,SE Asia Standard Time,1,2,3,4,5,6,7,
11/10/2025,10:53:00,SE Asia Standard Time,1,2,3,4,5,6,7,
11/10/2025,10:54:00,SE Asia Standard Time,1,2,3,4,5,6,7,
11/10/2025,10:55:00,SE Asia Standard Time,1,2,3,4,5,6,7,
11/10/2025,10:56:00,SE Asia Standard Time,1,2,3,4,5,6,7,
11/10/2025,10:57:00,SE Asia Standard Time,1,2,3,4,5,6,7,
11/10/2025,10:58:00,SE Asia Standard Time,1,2,3,4,5,6,7,
11/10/2025,10:59:00,SE Asia Standard Time,1,2,3,4,5,6,7,
11/10/2025,11:00:00,SE Asia Standard Time,1,2,3,4,5,6,7,
11/10/2025,11:01:00,SE Asia Standard Time,1,2,3,4,5,6,7,
11/10/2025,11:02:00,SE Asia Standard Time,1,2,3,4,5,6,7,
11/10/2025,11:03:00,SE Asia Standard Time,1,2,3,4,5,6,7,
11/10/2025,11:04:00,SE Asia Standard Time,1,2,3,4,5,6,7,
11/10/2025,11:05:00,SE Asia Standard Time,1,2,3,4,5,6,7,
11/10/2025,11:06:00,SE Asia Standard Time,1,2,3,4,5,6,7,
11/10/2025,11:07:00,SE Asia Standard Time,1,2,3,4,5,6,7,
11/10/2025,11:08:00,SE Asia Standard Time,1,2,3,4,5,6,7,
11/10/2025,11:09:00,SE Asia Standard Time,1,2,3,4,5,6,7,
11/10/2025,11:10:00,SE Asia Standard Time,1,2,3,4,5,6,7,
11/10/2025,11:11:00,SE Asia Standard Time,1,2,3,4,5,6,7,
11/10/2025,11:12:00,SE Asia Standard Time,1,2,3,4,5,6,7,
11/10/2025,11:13:00,SE Asia Standard Time,1,2,3,4,5,6,7,
11/10/2025,11:14:00,SE Asia Standard Time,1,2,3,4,5,6,7,
11/10/2025,11:15:00,SE Asia Standard Time,1,2,3,4,5,6,7,
11/10/2025,11:16:00,SE Asia Standard Time,1,2,3,4,5,6,7,
11/10/2025,11:17:00,SE Asia Standard Time,1,2,3,4,5,6,7,
11/10/2025,11:18:00,SE Asia Standard Time,1,2,3,4,5,6,7,
11/10/2025,11:19:00,SE Asia Standard Time,1,2,3,4,5,6,7,
11/10/2025,11:20:00,SE Asia Standard Time,1,2,3,4,5,6,7,
11/10/2025,11:21:00,SE Asia Standard Time,1,2,3,4,5,6,7,
11/10/2025,11:22:00,SE Asia Standard Time,1,2,3,4,5,6,7,
11/10/2025,11:23:00,SE Asia Standard Time,1,2,3,4,5,6,7,
11/10/2025,11:24:00,SE Asia Standard Time,1,2,3,4,5,6,7,
11/10/2025,11:25:00,SE Asia Standard Time,1,2,3,4,5,6,7,
11/10/2025,11:26:00,SE Asia Standard Time,1,2,3,4,5,6,7,
11/10/2025,11:27:00,SE Asia Standard Time,1,2,3,4,5,6,7,
11/10/2025,11:28:00,SE Asia Standard Time,1,2,3,4,5,6,7,
11/10/2025,11:29:00,SE Asia Standard Time,1,2,3,4,5,6,7,
11/10/2025,11:30:00,SE Asia Standard Time,1,2,3,4,5,6,7,
11/10/2025,11:31:00,SE Asia Standard Time,1,2,3,4,5,6,7,
11/10/2025,11:32:00,SE Asia Standard Time,1,2,3,4,5,6,7,
11/10/2025,11:33:00,SE Asia Standard Time,1,2,3,4,5,6,7,
11/10/2025,11:34:00,SE Asia Standard Time,1,2,3,4,5,6,7,
11/10/2025,11:35:00,SE Asia Standard Time,1,2,3,4,5,6,7,
11/10/2025,11:36:00,SE Asia Standard Time,1,2,3,4,5,6,7,
11/10/2025,11:37:00,SE Asia Standard Time,1,2,3,4,5,6,7,
11/10/2025,11:38:00,SE Asia Standard Time,1,2,3,4,5,6,7,
11/10/2025,11:39:00,SE Asia Standard Time,1,2,3,4,5,6,7,
11/10/2025,11:40:00,SE Asia Standard Time,1,2,3,4,5,6,7,
11/10/2025,11:41:00,SE Asia Standard Time,1,2,3,4,5,6,7,
11/10/2025,11:42:00,SE Asia Standard Time,1,2,3,4,5,6,7,
11/10/2025,11:43:00,SE Asia Standard Time,1,2,3,4,5,6,7,
11/10/2025,11:44:00,SE Asia Standard Time,1,2,3,4,5,6,7,
11/10/2025,11:45:00,SE Asia Standard Time,1,2,3,4,5,6,7,
11/10/2025,11:46:00,SE Asia Standard Time,1,2,3,4,5,6,7,
11/10/2025,11:47:00,SE Asia Standard Time,1,2,3,4,5,6,7,
11/10/2025,11:48:00,SE Asia Standard Time,1,2,3,4,5,6,7,
11/10/2025,11:49:00,SE Asia Standard Time,1,2,3,4,5,6,7,
11/10/2025,11:50:00,SE Asia Standard Time,1,2,3,4,5,6,7,
11/10/2025,11:51:00,SE Asia Standard Time,1,2,3,4,5,6,7,
11/10/2025,11:52:00,SE Asia Standard Time,1,2,3,4,5,6,7,
11/10/2025,11:53:00,SE Asia Standard Time,1,2,3,4,5,6,7,
11/10/2025,11:54:00,SE Asia Standard Time,1,2,3,4,5,6,7,
11/10/2025,11:55:00,SE Asia Standard Time,1,2,3,4,5,6,7,
11/10/2025,11:56:00,SE Asia Standard Time,1,2,3,4,5,6,7,
11/10/2025,11:57:00,SE Asia Standard Time,1,2,3,4,5,6,7,
11/10/2025,11:58:00,SE Asia Standard Time,1,2,3,4,5,6,7,
11/10/2025,11:59:00,SE Asia Standard Time,1,2,3,4,5,6,7,
11/10/2025,12:00:00,SE Asia Standard Time,1,2,3,4,5,6,7,
11/10/2025,12:01:00,SE Asia Standard Time,1,2,3,4,5,6,7,
11/10/2025,12:02:00,SE Asia Standard Time,1,2,3,4,5,6,7,
11/10/2025,12:03:00,SE Asia Standard Time,1,2,3,4,5,6,7,
11/10/2025,12:04:00,SE Asia Standard Time,1,2,3,4,5,6,7,
11/10/2025,12:05:00,SE Asia Standard Time,1,2,3,4,5,6,7,
11/10/2025,12:06:00,SE Asia Standard Time,1,2,3,4,5,6,7,
11/10/2025,12:07:00,SE Asia Standard Time,1,2,3,4,5,6,7,
11/10/2025,12:08:00,SE Asia Standard Time,1,2,3,4,5,6,7,
11/10/2025,12:09:00,SE Asia Standard Time,1,2,3,4,5,6,7,
11/10/2025,12:10:00,SE Asia Standard Time,1,2,3,4,5,6,7,
11/10/2025,12:11:00,SE Asia Standard Time,1,2,3,4,5,6,7,
11/10/2025,12:12:00,SE Asia Standard Time,1,2,3,4,5,6,7,
11/10/2025,12:13:00,SE Asia Standard Time,1,2,3,4,5,6,7,
11/10/2025,12:14:00,SE Asia Standard Time,1,2,3,4,5,6,7,
11/10/2025,12:15:00,SE Asia Standard Time,1,2,3,4,5,6,7,
11/10/2025,12:16:00,SE Asia Standard Time,1,2,3,4,5,6,7,
11/10/2025,12:17:00,SE Asia Standard Time,1,2,3,4,5,6,7,
11/10/2025,12:18:00,SE Asia Standard Time,1,2,3,4,5,6,7,
11/10/2025,12:19:00,SE Asia Standard Time,1,2,3,4,5,6,7,
11/10/2025,12:20:00,SE Asia Standard Time,1,2,3,4,5,6,7,
11/10/2025,12:21:00,SE Asia Standard Time,1,2,3,4,5,6,7,
11/10/2025,12:22:00,SE Asia Standard Time,1,2,3,4,5,6,7,
11/10/2025,12:23:00,SE Asia Standard Time,1,2,3,4,5,6,7,
11/10/2025,12:24:00,SE Asia Standard Time,1,2,3,4,5,6,7,
11/10/2025,12:25:00,SE Asia Standard Time,1,2,3,4,5,6,7,
11/10/2025,12:26:00,SE Asia Standard Time,1,2,3,4,5,6,7,
11/10/2025,12:27:00,SE Asia Standard Time,1,2,3,4,5,6,7,
11/10/2025,12:28:00,SE Asia Standard Time,1,2,3,4,5,6,7,
11/10/2025,12:29:00,SE Asia Standard Time,1,2,3,4,5,6,7,
11/10/2025,12:30:00,SE Asia Standard Time,1,2,3,4,5,6,7,
11/10/2025,12:31:00,SE Asia Standard Time,1,2,3,4,5,6,7,
11/10/2025,12:32:00,SE Asia Standard Time,1,2,3,4,5,6,7,
11/10/2025,12:33:00,SE Asia Standard Time,1,2,3,4,5,6,7,
11/10/2025,12:34:00,SE Asia Standard Time,1,2,3,4,5,6,7,
11/10/2025,12:35:00,SE Asia Standard Time,1,2,3,4,5,6,7,
11/10/2025,12:36:00,SE Asia Standard Time,1,2,3,4,5,6,7,
11/10/2025,12:37:00,SE Asia Standard Time,1,2,3,4,5,6,7,
11/10/2025,12:38:00,SE Asia Standard Time,1,2,3,4,5,6,7,
11/10/2025,12:39:00,SE Asia Standard Time,1,2,3,4,5,6,7,
11/10/2025,12:40:00,SE Asia Standard Time,1,2,3,4,5,6,7,
11/10/2025,12:41:00,SE Asia Standard Time,1,2,3,4,5,6,7,
11/10/2025,12:42:00,SE Asia Standard Time,1,2,3,4,5,6,7,
11/10/2025,12:43:00,SE Asia Standard Time,1,2,3,4,5,6,7,
11/10/2025,12:44:00,SE Asia Standard Time,1,2,3,4,5,6,7,
11/10/2025,12:45:00,SE Asia Standard Time,1,2,3,4,5,6,7,
11/10/2025,12:46:00,SE Asia Standard Time,1,2,3,4,5,6,7,
11/10/2025,12:47:00,SE Asia Standard Time,1,2,3,4,5,6,7,
11/10/2025,12:48:00,SE Asia Standard Time,1,2,3,4,5,6,7,
11/10/2025,12:49:00,SE Asia Standard Time,1,2,3,4,5,6,7,
11/10/2025,12:50:00,SE Asia Standard Time,1,2,3,4,5,6,7,
11/10/2025,12:51:00,SE Asia Standard Time,1,2,3,4,5,6,7,
11/10/2025,12:52:00,SE Asia Standard Time,1,2,3,4,5,6,7,
11/10/2025,12:53:00,SE Asia Standard Time,1,2,3,4,5,6,7,
11/10/2025,12:54:00,SE Asia Standard Time,1,2,3,4,5,6,7,
11/10/2025,12:55:00,SE Asia Standard Time,1,2,3,4,5,6,7,
11/10/2025,12:56:00,SE Asia Standard Time,1,2,3,4,5,6,7,
11/10/2025,12:57:00,SE Asia Standard Time,1,2,3,4,5,6,7,
11/10/2025,12:58:00,SE Asia Standard Time,1,2,3,4,5,6,7,
11/10/2025,12:59:00,SE Asia Standard Time,1,2,3,4,5,6,7,
11/10/2025,13:00:00,SE Asia Standard Time,1,2,3,4,5,6,7,
11/10/2025,13:01:00,SE Asia Standard Time,1,2,3,4,5,6,7,
11/10/2025,13:02:00,SE Asia Standard Time,1,2,3,4,5,6,7,
11/10/2025,13:03:00,SE Asia Standard Time,1,2,3,4,5,6,7,
11/10/2025,13:04:00,SE Asia Standard Time,1,2,3,4,5,6,7,
11/10/2025,13:05:00,SE Asia Standard Time,1,2,3,4,5,6,7,
11/10/2025,13:06:00,SE Asia Standard Time,1,2,3,4,5,6,7,
11/10/2025,13:07:00,SE Asia Standard Time,1,2,3,4,5,6,7,
11/10/2025,13:08:00,SE Asia Standard Time,1,2,3,4,5,6,7,
11/10/2025,13:09:00,SE Asia Standard Time,1,2,3,4,5,6,7,
11/10/2025,13:10:00,SE Asia Standard Time,1,2,3,4,5,6,7,
11/10/2025,13:11:00,SE Asia Standard Time,1,2,3,4,5,6,7,
11/10/2025,13:12:00,SE Asia Standard Time,1,2,3,4,5,6,7,
11/10/2025,13:13:00,SE Asia Standard Time,1,2,3,4,5,6,7,
11/10/2025,13:14:00,SE Asia Standard Time,1,2,3,4,5,6,7,
11/10/2025,13:15:00,SE Asia Standard Time,1,2,3,4,5,6,7,
11/10/2025,13:16:00,SE Asia Standard Time,1,2,3,4,5,6,7,
11/10/2025,13:17:00,SE Asia Standard Time,1,2,3,4,5,6,7,
11/10/2025,13:18:00,SE Asia Standard Time,1,2,3,4,5,6,7,
11/10/2025,13:19:00,SE Asia Standard Time,1,2,3,4,5,6,7,
11/10/2025,13:20:00,SE Asia Standard Time,1,2,3,4,5,6,7,
11/10/2025,13:21:00,SE Asia Standard Time,1,2,3,4,5,6,7,
11/10/2025,13:22:00,SE Asia Standard Time,1,2,3,4,5,6,7,
11/10/2025,13:23:00,SE Asia Standard Time,1,2,3,4,5,6,7,
11/10/2025,13:24:00,SE Asia Standard Time,1,2,3,4,5,6,7,
11/10/2025,13:25:00,SE Asia Standard Time,1,2,3,4,5,6,7,
11/10/2025,13:26:00,SE Asia Standard Time,1,2,3,4,5,6,7,
11/10/2025,13:27:00,SE Asia Standard Time,1,2,3,4,5,6,7,
11/10/2025,13:28:00,SE Asia Standard Time,1,2,3,4,5,6,7,
11/10/2025,13:29:00,SE Asia Standard Time,1,2,3,4,5,6,7,
11/10/2025,13:30:00,SE Asia Standard Time,1,2,3,4,5,6,7,
11/10/2025,13:31:00,SE Asia Standard Time,1,2,3,4,5,6,7,
11/10/2025,13:32:00,SE Asia Standard Time,1,2,3,4,5,6,7,
11/10/2025,13:33:00,SE Asia Standard Time,1,2,3,4,5,6,7,
11/10/2025,13:34:00,SE Asia Standard Time,1,2,3,4,5,6,7,
11/10/2025,13:35:00,SE Asia Standard Time,1,2,3,4,5,6,7,
11/10/2025,13:36:00,SE Asia Standard Time,1,2,3,4,5,6,7,
11/10/2025,13:37:00,SE Asia Standard Time,1,2,3,4,5,6,7,
11/10/2025,13:38:00,SE Asia Standard Time,1,2,3,4,5,6,7,
11/10/2025,13:39:00,SE Asia Standard Time,1,2,3,4,5,6,7,
11/10/2025,13:40:00,SE Asia Standard Time,1,2,3,4,5,6,7,
11/10/2025,13:41:00,SE Asia Standard Time,1,2,3,4,5,6,7,
11/10/2025,13:42:00,SE Asia Standard Time,1,2,3,4,5,6,7,
11/10/2025,13:43:00,SE Asia Standard Time,1,2,3,4,5,6,7,
11/10/2025,13:44:00,SE Asia Standard Time,1,2,3,4,5,6,7,
11/10/2025,13:45:00,SE Asia Standard Time,1,2,3,4,5,6,7,
11/10/2025,13:46:00,SE Asia Standard Time,1,2,3,4,5,6,7,
11/10/2025,13:47:00,SE Asia Standard Time,1,2,3,4,5,6,7,
11/10/2025,13:48:00,SE Asia Standard Time,1,2,3,4,5,6,7,
11/10/2025,13:49:00,SE Asia Standard Time,1,2,3,4,5,6,7,
11/10/2025,13:50:00,SE Asia Standard Time,1,2,3,4,5,6,7,
11/10/2025,13:51:00,SE Asia Standard Time,1,2,3,4,5,6,7,
11/10/2025,13:52:00,SE Asia Standard Time,1,2,3,4,5,6,7,
11/10/2025,13:53:00,SE Asia Standard Time,1,2,3,4,5,6,7,
11/10/2025,13:54:00,SE Asia Standard Time,1,2,3,4,5,6,7,
11/10/2025,13:55:00,SE Asia Standard Time,1,2,3,4,5,6,7,
11/10/2025,13:56:00,SE Asia Standard Time,1,2,3,4,5,6,7,
11/10/2025,13:57:00,SE Asia Standard Time,1,2,3,4,5,6,7,
11/10/2025,13:58:00,SE Asia Standard Time,1,2,3,4,5,6,7,
11/10/2025,13:59:00,SE Asia Standard Time,1,2,3,4,5,6,7,
11/10/2025,14:00:00,SE Asia Standard Time,1,2,3,4,5,6,7,
11/10/2025,14:01:00,SE Asia Standard Time,1,2,3,4,5,6,7,
11/10/2025,14:02:00,SE Asia Standard Time,1,2,3,4,5,6,7,
11/10/2025,14:03:00,SE Asia Standard Time,1,2,3,4,5,6,7,
11/10/2025,14:04:00,SE Asia Standard Time,1,2,3,4,5,6,7,
11/10/2025,14:05:00,SE Asia Standard Time,1,2,3,4,5,6,7,
11/10/2025,14:06:00,SE Asia Standard Time,1,2,3,4,5,6,7,
11/10/2025,14:07:00,SE Asia Standard Time,1,2,3,4,5,6,7,
11/10/2025,14:08:00,SE Asia Standard Time,1,2,3,4,5,6,7,
11/10/2025,14:09:00,SE Asia Standard Time,1,2,3,4,5,6,7,
11/10/2025,14:10:00,SE Asia Standard Time,1,2,3,4,5,6,7,
11/10/2025,14:11:00,SE Asia Standard Time,1,2,3,4,5,6,7,
11/10/2025,14:12:00,SE Asia Standard Time,1,2,3,4,5,6,7,
11/10/2025,14:13:00,SE Asia Standard Time,1,2,3,4,5,6,7,
11/10/2025,14:14:00,SE Asia Standard Time,1,2,3,4,5,6,7,
11/10/2025,14:15:00,SE Asia Standard Time,1,2,3,4,5,6,7,
11/10/2025,14:16:00,SE Asia Standard Time,1,2,3,4,5,6,7,
11/10/2025,14:17:00,SE Asia Standard Time,1,2,3,4,5,6,7,
11/10/2025,14:18:00,SE Asia Standard Time,1,2,3,4,5,6,7,
11/10/2025,14:19:00,SE Asia Standard Time,1,2,3,4,5,6,7,
11/10/2025,14:20:00,SE Asia Standard Time,1,2,3,4,5,6,7,
11/10/2025,14:21:00,SE Asia Standard Time,1,2,3,4,5,6,7,
11/10/2025,14:22:00,SE Asia Standard Time,1,2,3,4,5,6,7,
11/10/2025,14:23:00,SE Asia Standard Time,1,2,3,4,5,6,7,
11/10/2025,14:24:00,SE Asia Standard Time,1,2,3,4,5,6,7,
11/10/2025,14:25:00,SE Asia Standard Time,1,2,3,4,5,6,7,
11/10/2025,14:26:00,SE Asia Standard Time,1,2,3,4,5,6,7,
11/10/2025,14:27:00,SE Asia Standard Time,1,2,3,4,5,6,7,
11/10/2025,14:28:00,SE Asia Standard Time,1,2,3,4,5,6,7,
11/10/2025,14:29:00,SE Asia Standard Time,1,2,3,4,5,6,7,
11/10/2025,14:30:00,SE Asia Standard Time,1,2,3,4,5,6,7,
11/10/2025,14:31:00,SE Asia Standard Time,1,2,3,4,5,6,7,
11/10/2025,14:32:00,SE Asia Standard Time,1,2,3,4,5,6,7,
11/10/2025,14:33:00,SE Asia Standard Time,1,2,3,4,5,6,7,
11/10/2025,14:34:00,SE Asia Standard Time,1,2,3,4,5,6,7,
11/10/2025,14:35:00,SE Asia Standard Time,1,2,3,4,5,6,7,
11/10/2025,14:36:00,SE Asia Standard Time,1,2,3,4,5,6,7,
11/10/2025,14:37:00,SE Asia Standard Time,1,2,3,4,5,6,7,
11/10/2025,14:38:00,SE Asia Standard Time,1,2,3,4,5,6,7,
11/10/2025,14:39:00,SE Asia Standard Time,1,2,3,4,5,6,7,
11/10/2025,14:40:00,SE Asia Standard Time,1,2,3,4,5,6,7,
11/10/2025,14:41:00,SE Asia Standard Time,1,2,3,4,5,6,7,
11/10/2025,14:42:00,SE Asia Standard Time,1,2,3,4,5,6,7,
11/10/2025,14:43:00,SE Asia Standard Time,1,2,3,4,5,6,7,
11/10/2025,14:44:00,SE Asia Standard Time,1,2,3,4,5,6,7,
11/10/2025,14:45:00,SE Asia Standard Time,1,2,3,4,5,6,7,
11/10/2025,14:46:00,SE Asia Standard Time,1,2,3,4,5,6,7,
11/10/2025,14:47:00,SE Asia Standard Time,1,2,3,4,5,6,7,
11/10/2025,14:48:00,SE Asia Standard Time,1,2,3,4,5,6,7,
11/10/2025,14:49:00,SE Asia Standard Time,1,2,3,4,5,6,7,
11/10/2025,14:50:00,SE Asia Standard Time,1,2,3,4,5,6,7,
11/10/2025,14:51:00,SE Asia Standard Time,1,2,3,4,5,6,7,
11/10/2025,14:52:00,SE Asia Standard Time,1,2,3,4,5,6,7,
11/10/2025,14:53:00,SE Asia Standard Time,1,2,3,4,5,6,7,
11/10/2025,14:54:00,SE Asia Standard Time,1,2,3,4,5,6,7,
11/10/2025,14:55:00,SE Asia Standard Time,1,2,3,4,5,6,7,
11/10/2025,14:56:00,SE Asia Standard Time,1,2,3,4,5,6,7,
11/10/2025,14:57:00,SE Asia Standard Time,1,2,3,4,5,6,7,
11/10/2025,14:58:00,SE Asia Standard Time,1,2,3,4,5,6,7,
11/10/2025,14:59:00,SE Asia Standard Time,1,2,3,4,5,6,7,
11/10/2025,15:00:00,SE Asia Standard Time,1,2,3,4,5,6,7,
11/10/2025,15:01:00,SE Asia Standard Time,1,2,3,4,5,6,7,
11/10/2025,15:02:00,SE Asia Standard Time,1,2,3,4,5,6,7,
11/10/2025,15:03:00,SE Asia Standard Time,1,2,3,4,5,6,7,
11/10/2025,15:04:00,SE Asia Standard Time,1,2,3,4,5,6,7,
11/10/2025,15:05:00,SE Asia Standard Time,1,2,3,4,5,6,7,
11/10/2025,15:06:00,SE Asia Standard Time,1,2,3,4,5,6,7,
11/10/2025,15:07:00,SE Asia Standard Time,1,2,3,4,5,6,7,
11/10/2025,15:08:00,SE Asia Standard Time,1,2,3,4,5,6,7,
11/10/2025,15:09:00,SE Asia Standard Time,1,2,3,4,5,6,7,
11/10/2025,15:10:00,SE Asia Standard Time,1,2,3,4,5,6,7,
11/10/2025,15:11:00,SE Asia Standard Time,1,2,3,4,5,6,7,
11/10/2025,15:12:00,SE Asia Standard Time,1,2,3,4,5,6,7,
11/10/2025,15:13:00,SE Asia Standard Time,1,2,3,4,5,6,7,
11/10/2025,15:14:00,SE Asia Standard Time,1,2,3,4,5,6,7,
11/10/2025,15:15:00,SE Asia Standard Time,1,2,3,4,5,6,7,
11/10/2025,15:16:00,SE Asia Standard Time,1,2,3,4,5,6,7,
11/10/2025,15:17:00,SE Asia Standard Time,1,2,3,4,5,6,7,
11/10/2025,15:18:00,SE Asia Standard Time,1,2,3,4,5,6,7,
11/10/2025,15:19:00,SE Asia Standard Time,1,2,3,4,5,6,7,
11/10/2025,15:20:00,SE Asia Standard Time,1,2,3,4,5,6,7,
11/10/2025,15:21:00,SE Asia Standard Time,1,2,3,4,5,6,7,
11/10/2025,15:22:00,SE Asia Standard Time,1,2,3,4,5,6,7,
11/10/2025,15:23:00,SE Asia Standard Time,1,2,3,4,5,6,7,
11/10/2025,15:24:00,SE Asia Standard Time,1,2,3,4,5,6,7,
11/10/2025,15:25:00,SE Asia Standard Time,1,2,3,4,5,6,7,
11/10/2025,15:26:00,SE Asia Standard Time,1,2,3,4,5,6,7,
11/10/2025,15:27:00,SE Asia Standard Time,1,2,3,4,5,6,7,
11/10/2025,15:28:00,SE Asia Standard Time,1,2,3,4,5,6,7,
11/10/2025,15:29:00,SE Asia Standard Time,1,2,3,4,5,6,7,
11/10/2025,15:30:00,SE Asia Standard Time,1,2,3,4,5,6,7,
11/10/2025,15:31:00,SE Asia Standard Time,1,2,3,4,5,6,7,
11/10/2025,15:32:00,SE Asia Standard Time,1,2,3,4,5,6,7,
11/10/2025,15:33:00,SE Asia Standard Time,1,2,3,4,5,6,7,
11/10/2025,15:34:00,SE Asia Standard Time,1,2,3,4,5,6,7,
11/10/2025,15:35:00,SE Asia Standard Time,1,2,3,4,5,6,7,
11/10/2025,15:36:00,SE Asia Standard Time,1,2,3,4,5,6,7,
11/10/2025,15:37:00,SE Asia Standard Time,1,2,3,4,5,6,7,
11/10/2025,15:38:00,SE Asia Standard Time,1,2,3,4,5,6,7,
11/10/2025,15:39:00,SE Asia Standard Time,1,2,3,4,5,6,7,
11/10/2025,15:40:00,SE Asia Standard Time,1,2,3,4,5,6,7,
11/10/2025,15:41:00,SE Asia Standard Time,1,2,3,4,5,6,7,
11/10/2025,15:42:00,SE Asia Standard Time,1,2,3,4,5,6,7,
11/10/2025,15:43:00,SE Asia Standard Time,1,2,3,4,5,6,7,
11/10/2025,15:44:00,SE Asia Standard Time,1,2,3,4,5,6,7,
11/10/2025,15:45:00,SE Asia Standard Time,1,2,3,4,5,6,7,
11/10/2025,15:46:00,SE Asia Standard Time,1,2,3,4,5,6,7,
11/10/2025,15:47:00,SE Asia Standard Time,1,2,3,4,5,6,7,
11/10/2025,15:48:00,SE Asia Standard Time,1,2,3,4,5,6,7,
11/10/2025,15:49:00,SE Asia Standard Time,1,2,3,4,5,6,7,
11/10/2025,15:50:00,SE Asia Standard Time,1,2,3,4,5,6,7,
11/10/2025,15:51:00,SE Asia Standard Time,1,2,3,4,5,6,7,
11/10/2025,15:52:00,SE Asia Standard Time,1,2,3,4,5,6,7,
11/10/2025,15:53:00,SE Asia Standard Time,1,2,3,4,5,6,7,
11/10/2025,15:54:00,SE Asia Standard Time,1,2,3,4,5,6,7,
11/10/2025,15:55:00,SE Asia Standard Time,1,2,3,4,5,6,7,
11/10/2025,15:56:00,SE Asia Standard Time,1,2,3,4,5,6,7,
11/10/2025,15:57:00,SE Asia Standard Time,1,2,3,4,5,6,7,
11/10/2025,15:58:00,SE Asia Standard Time,1,2,3,4,5,6,7,
11/10/2025,15:59:00,SE Asia Standard Time,1,2,3,4,5,6,7,
11/10/2025,16:00:00,SE Asia Standard Time,1,2,3,4,5,6,7,
11/10/2025,16:01:00,SE Asia Standard Time,1,2,3,4,5,6,7,
11/10/2025,16:02:00,SE Asia Standard Time,1,2,3,4,5,6,7,
11/10/2025,16:03:00,SE Asia Standard Time,1,2,3,4,5,6,7,
11/10/2025,16:04:00,SE Asia Standard Time,1,2,3,4,5,6,7,
11/10/2025,16:05:00,SE Asia Standard Time,1,2,3,4,5,6,7,
11/10/2025,16:06:00,SE Asia Standard Time,1,2,3,4,5,6,7,
11/10/2025,16:07:00,SE Asia Standard Time,1,2,3,4,5,6,7,
11/10/2025,16:08:00,SE Asia Standard Time,1,2,3,4,5,6,7,
11/10/2025,16:09:00,SE Asia Standard Time,1,2,3,4,5,6,7,
11/10/2025,16:10:00,SE Asia Standard Time,1,2,3,4,5,6,7,
11/10/2025,16:11:00,SE Asia Standard Time,1,2,3,4,5,6,7,
11/10/2025,16:12:00,SE Asia Standard Time,1,2,3,4,5,6,7,
11/10/2025,16:13:00,SE Asia Standard Time,1,2,3,4,5,6,7,
11/10/2025,16:14:00,SE Asia Standard Time,1,2,3,4,5,6,7,
11/10/2025,16:15:00,SE Asia Standard Time,1,2,3,4,5,6,7,
11/10/2025,16:16:00,SE Asia Standard Time,1,2,3,4,5,6,7,
11/10/2025,16:17:00,SE Asia Standard Time,1,2,3,4,5,6,7,
11/10/2025,16:18:00,SE Asia Standard Time,1,2,3,4,5,6,7,
11/10/2025,16:19:00,SE Asia Standard Time,1,2,3,4,5,6,7,
11/10/2025,16:20:00,SE Asia Standard Time,1,2,3,4,5,6,7,
11/10/2025,16:21:00,SE Asia Standard Time,1,2,3,4,5,6,7,
11/10/2025,16:22:00,SE Asia Standard Time,1,2,3,4,5,6,7,
11/10/2025,16:23:00,SE Asia Standard Time,1,2,3,4,5,6,7,
11/10/2025,16:24:00,SE Asia Standard Time,1,2,3,4,5,6,7,
11/10/2025,16:25:00,SE Asia Standard Time,1,2,3,4,5,6,7,
